INSERT INTO usuarios (alias, contraseña, nivel)

VALUES ('john_doe', '93fa3e4624676f2e9aa143911118b4547087e9b6e0b6076f2e1027d7a2da2b0a', 1),
('Esther36', 'e912cd572a85cc76abb49bedfa3231b6efc88493bd66d48e472c0cb881e1016a', 2), 
('Jerald1', '65ea786ce24ed9e48c3c28ac9037afc863ff58aa00f87fc3b92fcea59ed73976', 0), 
('javascript', '506196cfc471621c1aab3267d4bb620d955e245380987b7824757429ed844db7', 1), 
('Ruben', 'dc46fd96dd39cec6ded0f928e7abe04d1d26d4accb6d13a41ca0ce810000099b', 1), 
('python', 'b796a0bc68c3915696b7cfe587b32915cf3694698e461fb98a1ae4860c910450', 0), 
('fedezen', 'a665a45920422f9d417e4867efdc4fb8a04a1f3fff1fa07e998e86f7f7a27ae3', 0), 
('Un-Rey-Mago', '692c879ecef452c106ac43e03b966186925beef9817f55cf83a16b10051b7a1a', 0), 
('BarackObamna1', '5d5b09f6dcb2d53a5fffc60c4ac0d55fabdf556069d6631545f42aa6e3500f2e', 1), 
('_sauron_', 'a665a45920422f9d417e4867efdc4fb8a04a1f3fff1fa07e998e86f7f7a27ae3', 1), 
('okayOkay', '4b6cbebc3b7078ece2e84219f0231a66502dd4d945302c534205d2b1ed75972e', 1), 
('socarrat', '93fa3e4624676f2e9aa143911118b4547087e9b6e0b6076f2e1027d7a2da2b0a', 0); 


INSERT INTO partidas (id, fecha_hora, puntaje, alias_usuario)
VALUES (1, '2025-02-27 14:30:10', 30, 'john_doe'),
(2, '2025-02-27 14:33:05', 50, 'john_doe'),
(3, '2025-02-27 14:35:21', 430, 'Esther36'),
(4, '2025-02-27 14:36:02', 280, 'john_doe'),
(5, '2025-02-27 16:05:59', 330, 'Ruben'), 
(6, '2025-02-28 05:40:10', 210, 'javascript'),
(7, '2025-02-28 10:12:45', 550, 'Esther36'),
(8, '2025-03-01 01:15:32', 490, 'socarrat'),
(9, '2025-03-01 04:50:12', 510, 'python'),
(10, '2025-03-01 07:12:50', 200, 'okayOkay'),
(11, '2025-03-02 11:30:22', 70, 'BarackObamna1'),
(12, '2025-03-02 13:25:13', 940, '_sauron_'),
(13, '2025-03-03 08:45:30', 850, 'Esther36'),
(14, '2025-03-03 11:10:02', 400, 'javascript'),
(15, '2025-03-03 11:35:18', 50, 'fedezen'),
(16, '2025-03-03 13:00:48', 90, 'fedezen'),
(17, '2025-03-04 09:21:13', 500, 'Un-Rey-Mago'),
(18, '2025-03-04 17:10:50', 670, 'john_doe'),
(19, '2025-03-04 17:48:00', 30, 'fedezen'),
(20, '2025-03-04 18:10:50', 800, 'john_doe'),
(21, '2025-03-04 18:12:59', 00, 'fedezen');

INSERT INTO comentarios (id, texto, id_partida, alias_usuario)
VALUES (1, 'hola a todos', 1, 'Esther36'),
(2, 'primero!', 1, 'Ruben'),
(3, 'oh :(', 1, 'Ruben'),
(4, 'hola mundo', 1, 'javascript'),
(5, 'como puedo ver mi puntaje?', 1, 'john_doe'),
(6, 'holaaa aaaaaa aaa', 5, 'Jerald1'),
(7, '@john_doe pulsa alt + f4', 1, 'Esther36'),
(8, 'holaaaaaaaaaaaaaaaaaaaaaaaaaaaaaaaaaaaaaaaaaaaaaaaaaaaaaaaaaa', 1, 'Jerald1'),
(9, 'Por qué esta partida tiene tantos comentarios?', 1, 'python'),
(10, 'aaaaaa', 6, 'Jerald1'),
(11, 'aaaaaaaaaaaaa', 7, 'Jerald1'),
(12, '¿? xd', 7, 'Ruben'),
(13, 'aaaaaaaaaa aaaafdsfggh aaaaa aaa', 7, 'Jerald1'),
(14, 'aaaaaaaaaaaaaa', 7, 'Jerald1'),
(15, 'hacker', 12, 'socarrat'),
(16, 'PARA YA!', 7, 'Esther36'),
(17, 'AAAAAAAAAAAAAAAAAAA', 9, 'Jerald1'),
(18, 'baneenlo por favor', 9, 'Esther36'),
(19, 'esto funcionará? <script>alert("prueba");</script>', 14, 'okayOkay'),
(20, 'jajaja nope, buen intento!', 14, 'Esther36'),
(21, '> html en java\nlol', 14, 'socarrat'),
(22, 'dude', 17, 'Un-Rey-Mago');
