INSERT INTO usuarios (alias, contraseña, nivel)

VALUES ('john_doe', '93fa3e4624676f2e9aa143911118b4547087e9b6e0b6076f2e1027d7a2da2b0a', 1),
('Esther36', 'e912cd572a85cc76abb49bedfa3231b6efc88493bd66d48e472c0cb881e1016a', 2), 
('Jerald1', '65ea786ce24ed9e48c3c28ac9037afc863ff58aa00f87fc3b92fcea59ed73976', 0), 
('javascript', '506196cfc471621c1aab3267d4bb620d955e245380987b7824757429ed844db7', 1), 
('Ruben', 'dc46fd96dd39cec6ded0f928e7abe04d1d26d4accb6d13a41ca0ce810000099b', 1), 
('python', 'b796a0bc68c3915696b7cfe587b32915cf3694698e461fb98a1ae4860c910450', 0), 
('fedezen', 'a665a45920422f9d417e4867efdc4fb8a04a1f3fff1fa07e998e86f7f7a27ae3', 0), 
('Un-Rey-Mago', '692c879ecef452c106ac43e03b966186925beef9817f55cf83a16b10051b7a1a', 0), 
('BarackObamna1', '5d5b09f6dcb2d53a5fffc60c4ac0d55fabdf556069d6631545f42aa6e3500f2e', 1), 
('_sauron_', 'a665a45920422f9d417e4867efdc4fb8a04a1f3fff1fa07e998e86f7f7a27ae3', 1), 
('okayOkay', '4b6cbebc3b7078ece2e84219f0231a66502dd4d945302c534205d2b1ed75972e', 1), 
('socarrat', '93fa3e4624676f2e9aa143911118b4547087e9b6e0b6076f2e1027d7a2da2b0a', 0),
('schoenberg', '93fa3e4624676f2e9aa143911118b4547087e9b6e0b6076f2e1027d7a2da2b0a', 2),
('holaSoyAlejandroSans', '93fa3e4624676f2e9aa143911118b4547087e9b6e0b6076f2e1027d7a2da2b0a', 1); 


INSERT INTO partidas (fecha_hora, puntaje, alias_usuario)
VALUES ('2025-02-27 14:30:10', 600, 'john_doe'),
('2025-02-27 14:33:05', 500, 'Ruben'),
('2025-02-27 14:35:21', 4300, 'Esther36'),
('2025-02-27 14:36:02', 2800, 'john_doe'),
('2025-02-27 16:05:59', 3300, 'Ruben'), 
('2025-02-28 05:40:10', 2100, 'javascript'),
('2025-02-28 10:12:45', 5500, 'Esther36'),
('2025-03-01 01:15:32', 4900, 'socarrat'),
('2025-03-01 04:50:12', 5100, 'python'),
('2025-03-01 07:12:50', 2000, 'okayOkay'),
('2025-03-02 11:30:22', 700, 'BarackObamna1'),
('2025-03-02 13:25:13', 9400, '_sauron_'),
('2025-03-03 08:45:30', 8500, 'Esther36'),
('2025-03-03 11:10:02', 4000, 'javascript'),
('2025-03-03 11:35:18', 500, 'fedezen'),
('2025-03-03 13:00:48', 900, 'fedezen'),
('2025-03-04 09:21:13', 5000, 'Un-Rey-Mago'),
('2025-03-04 17:10:50', 6700, 'john_doe'),
('2025-03-04 17:48:00', 300, 'fedezen'),
('2025-03-04 18:10:50', 8000, 'john_doe'),
('2025-03-04 18:12:59', 900, 'fedezen');

INSERT INTO comentarios (texto, id_partida, alias_usuario)
VALUES ('hola a todos', 1, 'Esther36'),
('primero!', 1, 'Ruben'),
('oh :(', 1, 'Ruben'),
('hola mundo', 1, 'javascript'),
('como puedo ver mi puntuacion?', 1, 'john_doe'),
('holaaa aaaaaa aaa', 1, 'Jerald1'),
('¡Vaya, este juego es toda una locura!', 2, '_sauron_'),
('@john_doe pulsa alt + f4', 1, 'Esther36'),
('holaaaaaaaaaaaaaaaaaaaaaaaaaaaaaaaaaaaaaaaaaaaaaaaaaaaaaaaaaa', 1, 'Jerald1'),
('Por qué esta partida tiene tantos comentarios?', 1, 'python'),
('Esto como se juega?? no entiendo nada', 2, 'okayOkay'),
('es super facil, solo muevete y dispara', 2, 'fedezen'),
('alguien tambien se acaba de enterar que hay un menu de mejoras?', 3, 'javascript'),
('pues es verdad, no me habia dado cuenta', 3, 'BarackObamna1'),
('que menu? a mi no me aparece nada', 3, 'Ruben'),
('tienes que pausar el juego con espacio', 3, 'BarackObamna1'),
('aaaaaaAAAAAAA', 4, 'Jerald1'),
('deberian añadir una opcion de personalizar al personaje', 5, 'socarrat'),
('fgfdhjghjghjghjg', 5, 'Jerald1'),
('aaaaaa', 4, 'Jerald1'),
('gfdsgdfgdsgdfs', 6, 'Jerald1'),
('aaaaaaaaaaaaa', 7, 'Jerald1'),
('En serio como, veo mi puntuacion!', 1, 'john_doe'),
('¿? xd', 7, 'Ruben'),
('aaaaaaaaaa aaaafdsfggh aaaaa aaa', 7, 'Jerald1'),
('aaaaaaaaaaaaaa', 7, 'Jerald1'),
('aaaaaaaaaaaaafsafsdafasdfs', 7, 'Jerald1'),
('sdrfghjkdfsdfjk kja  sdf', 8, 'Jerald1'),
('como se llama la cancion de fondo?', 12, 'socarrat'),
('no lo se, pero creo que es de otro juego similar', 12, 'socarrat'),
('PARA YA!', 7, 'Esther36'),
('hsdfgfgdfgdsg dsgfdgsdf', 7, 'Jerald1'),
('AAAAAAAAAAAAAAAAAAA', 9, 'Jerald1'),
('baneenlo por favor', 9, 'Esther36'),
('esto funcionará? <script>alert("prueba");</script>', 13, 'okayOkay'),
('jajaja nope, buen intento!', 13, 'Esther36'),
('html en java lol', 13, 'socarrat'),
('no entiendo, que es eso?', 13, '_sauron_'),
('tengo hambre', 15, 'Un-Rey-Mago'),
('Quisiera intervenir por un momento', 16, 'schoenberg'),
('A lo que te refieres como Linux, en realidad es GNU/Linux', 16, 'schoenberg'),
('o como me he acostumbrado a llamarlo, GNU + Linux', 16, 'schoenberg'),
('Linux no es un sistema operativo por sí mismo', 16, 'schoenberg'),
('sino más bien otro componente libre de un sistema GNU completamente funcional', 16, 'schoenberg'),
('hecho útil por las librerías centrales de GNU', 16, 'schoenberg'),
('las utilidades de shell y los componentes vitales del sistema que comprenden', 16, 'schoenberg'),
('un sistema operativo completo según lo definido por POSIX', 16, 'schoenberg'),
('cuando el multijugador?', 10, 'holaSoyAlejandroSans'),
('discorrío, pasando por Adán y Eva', 11, 'holaSoyAlejandroSans'),
('desvía la orilla hacia un recodo de bahía', 11, 'holaSoyAlejandroSans'),
('llevándonos a una comodiosa vicositud recircular', 11, 'holaSoyAlejandroSans'),
('de vuelta a Howth Castle y Entornos', 11, 'holaSoyAlejandroSans');